{
  "n_models": 12,
  "n_estimators": 400,
  "best_val_threshold": 0.5700000000000001,
  "best_val_acc": 0.9784886489919035,
  "test_acc": 0.9512065294535131,
  "test_f1": 0.952508418962093,
  "test_auc": 0.9923032513993021
}