{
  "cv_results": {
    "lightgbm": {
      "acc_mean": 0.95845,
      "acc_std": 0.0026239283526803877,
      "f1_mean": 0.9591806518653889,
      "f1_std": 0.0026673813569501907,
      "auc_mean": 0.9583720711774877
    }
  },
  "best": "lightgbm",
  "eval_on_test": {
    "test_accuracy": 0.961985450674237,
    "test_f1": 0.9634868561203187,
    "test_auc": 0.992596554398973
  }
}