{
  "test_acc": 0.9595901348474095,
  "test_f1": 0.9613245595414986,
  "test_auc": 0.9902352871084302,
  "best_threshold": 0.44
}