{
  "stats": {
    "n_samples": 22544,
    "label_counts": {
      "0": 10694,
      "1": 11850
    },
    "proba_pos_mean": 0.5130066531096883,
    "proba_pos_std": 0.48058604676686667
  },
  "roc_auc": 0.9956546278957639,
  "pr_auc": 0.9959862634394437,
  "n_roc_thresholds": 3935,
  "n_pr_thresholds": 17689,
  "suggested_thresholds": {
    "0.5": {
      "threshold": 0.5,
      "tp": 11476,
      "fp": 270,
      "tn": 10424,
      "fn": 374,
      "precision": 0.9770134513877065,
      "recall": 0.9684388185654008,
      "fpr": 0.025247802506078176
    },
    "0.0": {
      "threshold": 0.0,
      "tp": 11850,
      "fp": 10694,
      "tn": 0,
      "fn": 0,
      "precision": 0.5256387508871541,
      "recall": 1.0,
      "fpr": 1.0
    },
    "best_f1": {
      "threshold": 0.3506294007328901,
      "tp": 11578,
      "fp": 338,
      "tn": 10356,
      "fn": 272,
      "precision": 0.9716347767707284,
      "recall": 0.9770464135021097,
      "fpr": 0.03160650832242379
    },
    "recall_0.90": {
      "threshold": 7.339691215865981e-06,
      "tp": 11850,
      "fp": 10694,
      "tn": 0,
      "fn": 0,
      "precision": 0.5256387508871541,
      "recall": 1.0,
      "fpr": 1.0
    },
    "recall_0.95": {
      "threshold": 7.339691215865981e-06,
      "tp": 11850,
      "fp": 10694,
      "tn": 0,
      "fn": 0,
      "precision": 0.5256387508871541,
      "recall": 1.0,
      "fpr": 1.0
    }
  }
}