{
  "test_acc": 0.9575053229240597,
  "test_f1": 0.9588487972508591,
  "test_auc": 0.9939134646266411,
  "best_threshold": 0.5
}