{
  "test_accuracy": 0.9475691980127751,
  "test_f1": 0.9490385444511512,
  "test_auc": 0.9903147512032062,
  "test_pr_auc": 0.9898980911350348,
  "precision": 0.9702045133991537,
  "recall": 0.9287763713080168,
  "n_train_samples": 125973,
  "n_features": 3458,
  "class_counts": {
    "0": 62557,
    "1": 63416
  },
  "scale_pos_weight": 0.9864545225179765
}