{
  "accuracy": 0.975958126330731,
  "precision": 0.981355355014473,
  "recall": 0.9727426160337552,
  "sensitivity": 0.9727426160337552,
  "specificity": 0.979521226856181,
  "f1": 0.9770300050856078,
  "roc_auc": 0.9954310157752405,
  "confusion": [
    [
      10475,
      219
    ],
    [
      323,
      11527
    ]
  ]
}