{
  "accuracy": 0.9945440028388929,
  "f1": 0.9972645390859557,
  "auc": 0.5,
  "n_test": 22544
}