{
  "best_lgb_params": {
    "lr": 0.013459843968370086,
    "num_leaves": 168,
    "min_data_in_leaf": 34,
    "min_gain_to_split": 0.30080094475168906,
    "reg_alpha": 0.11900816169324369,
    "reg_lambda": 9.797861308328994,
    "max_bin": 255
  },
  "best_xgb_params": null,
  "have_xgb": false,
  "test_best_threshold": 0.114,
  "test_best_accuracy": 0.9696149751596878,
  "test_confusion": [
    [
      10156,
      538
    ],
    [
      147,
      11703
    ]
  ],
  "test_roc_auc": 0.9922652120081531
}