{
  "model_components": [
    "final_lgb_model_retrained.joblib",
    "xgb_trained.joblib",
    "logistic_meta"
  ],
  "roc_auc": 0.9952772286837763,
  "best_threshold": 0.022,
  "accuracy_at_best_threshold": 0.9764017033356991,
  "f1": 0.9777163441400687,
  "precision": 0.9706420492348636,
  "recall": 0.9848945147679324
}