{
  "best_threshold": 0.0,
  "accuracy": 0.9945440028388929,
  "f1": 0.9972645390859557,
  "auc": 0.4781275394039343,
  "n_samples": 22544
}