{
  "best": {
    "threshold": 0.1835,
    "accuracy": 0.9770227111426544
  },
  "best_metrics": {
    "accuracy": 0.9770227111426544,
    "precision": 0.979275926239215,
    "recall": 0.9769620253164557,
    "f1": 0.9781176072997634,
    "confusion": [
      [
        10449,
        245
      ],
      [
        273,
        11577
      ]
    ]
  },
  "th_99": null
}